x,y,z,h,local_x,local_y,local_z
394015.84405359236,6450914.706744214,97.33698968224952,18.59,-39.410000000000004,-64.6,-22.37
393709.9191978264,6450754.628906817,97.30698968224952,18.56,-337.08,-239.55,-22.400000000000002
393696.07065061526,6450726.166392167,97.29698968224953,18.55,-349.51,-268.66,-22.41
393682.78035232954,6450740.498313584,97.24698968224953,18.5,-363.49,-255.0,-22.46
393884.6687080968,6450849.808211605,97.20698968224953,18.46,-167.23,-135.88,-22.5
393691.60143308324,6450737.460199968,97.18698968224953,18.44,-354.53000000000003,-257.6,-22.52
393644.58750543377,6450740.569348888,97.15698968224953,18.41,-401.64,-256.81,-22.55
393888.3694124688,6450837.751326141,97.14698968224953,18.400000000000002,-162.94,-147.74,-22.56
393631.28028545226,6450718.618075657,97.07698968224953,18.330000000000002,-413.85,-279.39,-22.63
393850.9050323784,6450853.205151701,96.95698968224953,18.21,-201.12,-134.15,-22.75
393727.2447471598,6450779.696063421,96.93698968224953,18.19,-321.01,-213.66,-22.77
393889.4363254704,6450851.875921591,96.86698968224952,18.12,-162.57,-133.58,-22.84
393982.00470363477,6450924.284911807,96.84698968224953,18.1,-73.68,-56.7,-22.86
394042.4226243304,6450936.764549578,96.84698968224953,18.1,-13.950000000000001,-41.26,-22.86
393683.63240971765,6450762.042493732,96.82698968224953,18.080000000000002,-363.7,-233.44,-22.88
393766.24430360633,6450764.106467629,96.81698968224953,18.07,-281.29,-227.31,-22.89
393709.3806525002,6450762.1845979765,96.75698968224953,18.01,-337.99,-232.03,-22.95
393661.8080517579,6450749.902584356,96.74698968224953,18.0,-384.90000000000003,-246.64000000000001,-22.96
393657.9601048677,6450748.820778118,96.73698968224953,17.990000000000002,-388.69,-247.91,-22.97
393718.5968768486,6450774.876111234,96.73698968224953,17.990000000000002,-329.41,-218.9,-22.97
394032.7219194476,6450924.197046854,96.73698968224953,17.990000000000002,-23.02,-54.29,-22.97
394050.4705921071,6450941.80431293,96.72698968224952,17.98,-6.16,-35.83,-22.98
393670.17519040714,6450725.881364758,96.71698968224953,17.97,-375.36,-270.22,-22.990000000000002
394019.8800036779,6450909.651844914,96.69698968224952,17.95,-35.13,-69.45,-23.01
394054.86950531363,6450944.110470472,96.69698968224952,17.95,-1.8800000000000001,-33.31,-23.01
393700.38913351076,6450742.273257333,96.61698968224952,17.87,-345.99,-252.36,-23.09
393634.8648465436,6450699.738631234,96.58698968224952,17.84,-409.34000000000003,-298.07,-23.12
393647.90996281395,6450736.070262648,96.58698968224952,17.84,-398.1,-261.14,-23.12
393710.8982987965,6450777.328231946,96.57698968224953,17.830000000000002,-337.22,-216.83,-23.13
393714.75688229385,6450779.641008066,96.57698968224953,17.830000000000002,-333.48,-214.33,-23.13
394037.5811213194,6450926.700775505,96.57698968224953,17.830000000000002,-18.29,-51.550000000000004,-23.13
393741.3755719253,6450792.76599806,96.54698968224953,17.8,-307.54,-199.91,-23.16
393713.50108023384,6450735.289035605,96.51698968224953,17.77,-332.55,-258.69,-23.19
393674.22543516994,6450727.613997832,96.48698968224953,17.740000000000002,-371.40000000000003,-268.29,-23.22
393649.41428127274,6450743.024615673,96.45698968224953,17.71,-396.94,-254.12,-23.25
393635.36463741073,6450714.341737378,96.39698968224953,17.650000000000002,-409.56,-283.46,-23.31
393757.0788179933,6450758.941588784,96.37698968224953,17.63,-290.19,-232.92000000000002,-23.330000000000002
393762.72513166454,6450814.160520698,96.36698968224952,17.62,-287.27,-177.49,-23.34
393692.174495746,6450745.021152236,96.29698968224953,17.55,-354.33,-250.02,-23.41
394063.25198360736,6450926.085771926,96.29698968224953,17.55,7.38,-50.9,-23.41
393783.2499817706,6450774.361403521,96.28698968224953,17.54,-264.81,-216.23000000000002,-23.42
393673.89371499466,6450721.292663975,96.22698968224952,17.48,-371.42,-274.62,-23.48
393673.7034223827,6450713.372424791,96.20698968224953,17.46,-371.22,-282.54,-23.5
393736.42078566446,6450790.557334865,96.17698968224953,17.43,-312.38,-202.36,-23.53
394041.6297379542,6450922.105810507,96.11698968224952,17.37,-14.02,-55.94,-23.59
393850.22850553034,6450845.779459045,96.10698968224952,17.36,-201.43,-141.6,-23.6
393621.78766271594,6450713.51938822,96.09698968224953,17.35,-423.08,-284.95,-23.61
393862.9825479062,6450853.060173507,96.09698968224953,17.35,-189.05,-133.7,-23.61
393717.7063273259,6450751.942140328,96.08698968224952,17.34,-329.17,-241.85,-23.62
393867.8322669463,6450862.072266785,96.08698968224952,17.34,-184.65,-124.46000000000001,-23.62
393884.12721206597,6450835.577611406,96.08698968224952,17.34,-167.07,-150.12,-23.62
393666.1170309479,6450737.795681433,96.07698968224953,17.330000000000002,-380.0,-258.52,-23.63
393639.6550234392,6450716.883525674,96.06698968224953,17.32,-405.40000000000003,-280.71,-23.64
393689.0162598329,6450764.830729361,96.05698968224952,17.31,-358.46,-230.39000000000001,-23.650000000000002
393754.1407127149,6450793.368061699,96.05698968224952,17.31,-294.82,-198.68,-23.650000000000002
393671.0670136907,6450754.932696076,96.04698968224953,17.3,-375.90000000000003,-241.16,-23.66
393819.2992672039,6450820.972582648,96.02698968224954,17.28,-231.1,-167.9,-23.68
393674.9911747535,6450742.534391353,96.01698968224953,17.27,-371.37,-253.35,-23.69
393705.8337060082,6450774.31399906,95.99698968224953,17.25,-342.13,-220.09,-23.71
393871.4165211164,6450835.673713375,95.99698968224953,17.25,-179.77,-150.65,-23.71
393867.8707716273,6450869.959941815,95.97698968224952,17.23,-185.0,-116.58,-23.73
394034.14417946717,6450938.624509428,95.97698968224952,17.23,-22.31,-39.81,-23.73
394059.2931503227,6450938.796162913,95.97698968224952,17.23,2.8000000000000003,-38.4,-23.73
393626.45255531976,6450724.062441717,95.94698968224952,17.2,-418.94,-274.19,-23.76
393638.55018891743,6450701.98986458,95.94698968224952,17.2,-405.77,-295.64,-23.76
393796.9747989097,6450780.212573875,95.92698968224953,17.18,-251.39000000000001,-209.71,-23.78
393626.4907698451,6450709.202527864,95.91698968224952,17.17,-418.17,-289.03000000000003,-23.79
393881.0094368673,6450840.166726552,95.91698968224952,17.17,-170.41,-145.69,-23.79
393932.5410354764,6450869.184072137,95.91698968224952,17.17,-120.37,-114.17,-23.79
394033.86691745935,6450961.225589621,95.91698968224952,17.17,-23.7,-17.25,-23.79
393679.7756580493,6450759.969918866,95.89698968224953,17.150000000000002,-367.45,-235.70000000000002,-23.81
393897.5439484189,6450835.586865446,95.89698968224953,17.150000000000002,-153.67000000000002,-149.45000000000002,-23.81
393630.65511540073,6450712.030871212,95.87698968224953,17.13,-414.15000000000003,-286.0,-23.830000000000002
393670.3768227727,6450740.52920912,95.86698968224952,17.12,-375.88,-255.58,-23.84
393954.88884045783,6450881.1780253025,95.85698968224952,17.11,-98.64,-101.09,-23.85
393906.35031591664,6450848.088333021,95.84698968224953,17.1,-145.49,-136.53,-23.86
394002.7534651693,6450936.337687204,95.84698968224953,17.1,-53.550000000000004,-43.64,-23.86
394046.15781535784,6450931.904698964,95.84698968224953,17.1,-9.98,-45.93,-23.86
393669.1124460973,6450718.74504396,95.83698968224952,17.09,-376.07,-277.40000000000003,-23.87
393700.923351041,6450764.884385382,95.83698968224952,17.09,-346.57,-229.75,-23.87
393796.9705743336,6450823.98589888,95.83698968224952,17.09,-253.55,-165.99,-23.87
393661.4275153498,6450743.403438869,95.82698968224953,17.080000000000002,-384.96000000000004,-253.15,-23.88
393776.70650958084,6450812.21960041,95.80698968224952,17.06,-273.21,-178.74,-23.900000000000002
393779.49169128755,6450771.442953138,95.80698968224952,17.06,-268.42,-219.33,-23.900000000000002
393682.93236905395,6450747.439249464,95.79698968224953,17.05,-363.68,-248.06,-23.91
393758.40307441493,6450788.031670338,95.79698968224953,17.05,-290.3,-203.8,-23.91
393739.58151891374,6450756.990941472,95.78698968224953,17.04,-307.57,-235.73000000000002,-23.92
394072.23399467237,6450939.509708652,95.77698968224954,17.03,15.69,-37.050000000000004,-23.93
393678.89552888647,6450737.856430386,95.76698968224953,17.02,-367.24,-257.83,-23.94
393963.8047465701,6450923.109810599,95.76698968224953,17.02,-91.8,-58.77,-23.94
393645.44001208176,6450747.706024053,95.75698968224953,17.01,-401.14,-249.64000000000001,-23.95
393649.71400791005,6450750.11846258,95.75698968224953,17.01,-396.99,-247.02,-23.95
393872.8523977599,6450864.387841577,95.75698968224953,17.01,-179.75,-121.9,-23.95
393665.4222220781,6450730.811424807,95.74698968224953,17.0,-380.35,-265.53000000000003,-23.96
393688.0273872448,6450742.542384178,95.74698968224953,17.0,-358.35,-252.70000000000002,-23.96
393652.19593744114,6450701.567316088,95.73698968224953,16.990000000000002,-392.12,-295.39,-23.97
393678.6330750274,6450730.300186746,95.73698968224953,16.990000000000002,-367.13,-265.39,-23.97
393719.3877932758,6450789.494898846,95.73698968224953,16.990000000000002,-329.34000000000003,-204.26,-23.97
394051.32748369436,6450956.339750209,95.72698968224952,16.98,-6.0200000000000005,-21.27,-23.98
394016.7972815305,6450943.785084201,95.71698968224953,16.97,-39.89,-35.51,-23.990000000000002
394046.6122374032,6450946.399908538,95.70698968224953,16.96,-10.24,-31.43,-24.0
393700.61481129803,6450728.575521406,95.69698968224952,16.95,-345.09000000000003,-266.03000000000003,-24.01
393704.6732902245,6450730.6781979855,95.68698968224953,16.94,-341.14,-263.73,-24.02
393669.21743519086,6450711.330876624,95.67698968224953,16.93,-375.6,-284.8,-24.03
393892.9702691808,6450840.498072856,95.67698968224953,16.93,-158.48,-144.77,-24.03
393642.73295461485,6450704.176522104,95.64698968224953,16.9,-401.7,-293.25,-24.060000000000002
393678.3875513019,6450715.574409411,95.64698968224953,16.9,-366.65000000000003,-280.11,-24.060000000000002
393954.62107382814,6450903.76862514,95.63698968224952,16.89,-100.02,-78.54,-24.07
393664.9042873091,6450716.449504895,95.62698968224953,16.88,-380.16,-279.90000000000003,-24.080000000000002
393690.5986940936,6450730.931661501,95.62698968224953,16.88,-355.21,-264.17,-24.080000000000002
394046.4407374352,6450939.469945497,95.62698968224953,16.88,-10.07,-38.36,-24.080000000000002
393661.48410257057,6450735.210710514,95.61698968224952,16.87,-384.5,-261.33,-24.09
393697.1068703016,6450776.826833822,95.60698968224952,16.86,-350.97,-218.01,-24.1
393688.00913453463,6450734.25322458,95.59698968224953,16.85,-357.96,-260.98,-24.11
393656.33167128876,6450711.125234562,95.58698968224952,16.84,-388.46000000000004,-285.64,-24.12
393743.8327696539,6450751.8353166655,95.58698968224952,16.84,-303.07,-240.67000000000002,-24.12
393879.61807797226,6450833.066633565,95.58698968224952,16.84,-171.45000000000002,-152.85,-24.12
393640.4602345435,6450738.289845652,95.57698968224953,16.830000000000002,-405.65000000000003,-259.29,-24.13
393872.0093264974,6450858.051673108,95.57698968224953,16.830000000000002,-180.28,-128.27,-24.13
393627.3448878559,6450737.895280999,95.56698968224953,16.82,-418.73,-260.33,-24.14
393749.87785852765,6450798.694465193,95.56698968224953,16.82,-299.34000000000003,-193.57,-24.14
393858.54208442156,6450835.697792219,95.56698968224953,16.82,-192.63,-151.26,-24.14
393666.29212066584,6450722.868945566,95.53698968224953,16.79,-379.09000000000003,-273.42,-24.17
393778.7941995149,6450785.724633891,95.53698968224953,16.79,-269.82,-205.1,-24.17
393704.9760150127,6450752.249464933,95.52698968224954,16.78,-341.90000000000003,-242.17000000000002,-24.18
393770.2033489191,6450773.5329282675,95.51698968224953,16.77,-277.8,-217.70000000000002,-24.19
393902.35356111184,6450860.029658365,95.51698968224953,16.77,-150.07,-124.8,-24.19
394067.7560072619,6450936.005992231,95.51698968224953,16.77,11.39,-40.77,-24.19
393660.5158544554,6450714.152842732,95.50698968224953,16.76,-384.43,-282.41,-24.2
393885.5936661477,6450879.328480111,95.50698968224953,16.76,-167.76,-106.35000000000001,-24.2
394042.21060228563,6450929.215831363,95.50698968224953,16.76,-13.790000000000001,-48.81,-24.2
393700.4223157244,6450735.4333232,95.49698968224953,16.75,-345.62,-259.19,-24.21
393653.190732423,6450730.473399929,95.48698968224953,16.740000000000002,-392.55,-266.47,-24.22
393736.90108074184,6450798.673529578,95.48698968224953,16.740000000000002,-312.3,-194.23000000000002,-24.22
393867.93869027414,6450840.270570196,95.47698968224952,16.73,-183.47,-146.23,-24.23
393893.04050792515,6450832.785254531,95.47698968224952,16.73,-158.03,-152.47,-24.23
393884.40914916876,6450843.122882209,95.46698968224953,16.72,-167.16,-142.57,-24.240000000000002
393936.41905899014,6450857.068382572,95.45698968224953,16.71,-115.9,-126.08,-24.25
394036.49207707145,6450920.046334685,95.45698968224953,16.71,-19.05,-58.25,-24.25
393622.8685216158,6450729.145118412,95.44698968224952,16.7,-422.77,-269.29,-24.26
393639.66288931976,6450693.895243046,95.44698968224952,16.7,-404.26,-303.67,-24.26
393936.3310125765,6450863.810900487,95.44698968224952,16.7,-116.32000000000001,-119.35000000000001,-24.26
393713.003333224,6450743.062982345,95.43698968224953,16.69,-333.43,-250.95000000000002,-24.27
393740.16096577625,6450763.260011686,95.43698968224953,16.69,-307.3,-229.44,-24.27
394032.78344967565,6450917.525921455,95.43698968224953,16.69,-22.63,-60.95,-24.27
393688.13509824936,6450750.006136474,95.42698968224953,16.68,-358.61,-245.24,-24.28
393735.36490971444,6450753.9148714375,95.39698968224953,16.65,-311.63,-239.01,-24.310000000000002
393941.006492972,6450866.243590987,95.39698968224953,16.65,-111.77,-116.69,-24.310000000000002
393660.9535793797,6450720.999593558,95.38698968224952,16.64,-384.33,-275.55,-24.32
393872.793303506,6450841.462933553,95.38698968224952,16.64,-178.68,-144.8,-24.32
393972.09302726306,6450898.301519583,95.38698968224952,16.64,-82.3,-83.14,-24.32
393701.62276109715,6450779.677891577,95.37698968224953,16.63,-346.6,-214.94,-24.330000000000002
393761.29844210885,6450761.266598959,95.37698968224953,16.63,-286.09000000000003,-230.39000000000001,-24.330000000000002
393914.86687906133,6450859.382608215,95.37698968224953,16.63,-137.54,-124.83,-24.330000000000002
393626.42805652955,6450716.8649143735,95.36698968224952,16.62,-418.61,-281.38,-24.34
393731.87992172624,6450781.920486209,95.35698968224952,16.61,-316.49,-211.21,-24.35
393730.6609906307,6450744.204750674,95.35698968224952,16.61,-315.85,-248.94,-24.35
393880.5862660949,6450854.935488401,95.35698968224952,16.61,-171.56,-130.96,-24.35
393875.60301046475,6450837.529786364,95.34698968224953,16.6,-175.68,-148.59,-24.36
393682.6956194258,6450725.784632182,95.33698968224952,16.59,-362.85,-269.7,-24.37
393740.00570112286,6450771.888128102,95.33698968224952,16.59,-307.88,-220.83,-24.37
393898.58169723244,6450857.242035207,95.33698968224952,16.59,-153.70000000000002,-127.77,-24.37
393682.79871669755,6450718.941250641,95.32698968224953,16.580000000000002,-362.41,-276.53000000000003,-24.38
393859.57015650946,6450843.146199282,95.32698968224953,16.580000000000002,-191.97,-143.77,-24.38
393999.33818021097,6450942.203002937,95.32698968224953,16.580000000000002,-57.25,-37.95,-24.38
394021.6759666458,6450946.277840013,95.32698968224953,16.580000000000002,-35.14,-32.78,-24.38
393622.49646071147,6450736.422272436,95.31698968224953,16.57,-423.5,-262.04,-24.39
393647.92789468745,6450713.69222479,95.31698968224953,16.57,-396.98,-283.49,-24.39
393722.48556206253,6450776.9871601,95.31698968224953,16.57,-325.63,-216.6,-24.39
393695.7311538634,6450733.291758258,95.30698968224952,16.56,-350.2,-261.56,-24.400000000000002
393722.58909045946,6450754.314549268,95.30698968224952,16.56,-324.41,-239.24,-24.400000000000002
394025.75983866333,6450948.48939814,95.30698968224952,16.56,-31.17,-30.37,-24.400000000000002
393901.76026324363,6450837.641710768,95.29698968224953,16.55,-149.56,-147.19,-24.41
394006.974173371,6450902.338566299,95.29698968224953,16.55,-47.660000000000004,-77.39,-24.41
393653.00282548944,6450738.64256702,95.26698968224953,16.52,-393.14,-258.32,-24.44
393880.38977063046,6450862.524374319,95.26698968224953,16.52,-172.13,-123.39,-24.44
394043.32469917304,6450958.9170045415,95.25698968224953,16.51,-14.14,-19.09,-24.45
393692.01978357264,6450752.848269469,95.24698968224953,16.5,-354.87,-242.21,-24.46
393770.11561364547,6450766.0681909975,95.24698968224953,16.5,-277.52,-225.16,-24.46
394021.0706635168,6450931.159304764,95.24698968224953,16.5,-35.0,-47.910000000000004,-24.46
393928.09671022074,6450852.352525178,95.23698968224953,16.490000000000002,-123.98,-131.2,-24.47
393704.9282786472,6450737.473886391,95.21698968224953,16.47,-341.22,-256.93,-24.490000000000002
393752.8007441468,6450756.649497126,95.20698968224953,16.46,-294.35,-235.42000000000002,-24.5
393950.5201238603,6450864.05239786,95.20698968224953,16.46,-102.16,-118.41,-24.5
394054.7442977798,6450921.46916258,95.20698968224953,16.46,-0.89,-55.93,-24.5
393856.06903642655,6450869.200240391,95.19698968224952,16.45,-196.75,-117.92,-24.51
393643.84181970835,6450726.258707642,95.18698968224953,16.44,-401.68,-271.14,-24.52
393648.3518606493,6450728.178923962,95.18698968224953,16.44,-397.27,-269.0,-24.52
394041.9632467311,6450914.249852772,95.18698968224953,16.44,-13.3,-63.77,-24.52
393845.44217364036,6450843.332210175,95.16698968224952,16.42,-206.09,-144.28,-24.54
393963.9971807817,6450900.412791654,95.16698968224952,16.42,-90.49,-81.43,-24.54
393770.82630346273,6450788.40028942,95.15698968224953,16.41,-277.91,-202.82,-24.55
393837.9569569745,6450853.56326249,95.15698968224953,16.41,-214.07,-134.43,-24.55
394007.70157285576,6450938.817007742,95.15698968224953,16.41,-48.730000000000004,-40.92,-24.55
393793.6255281197,6450822.138396287,95.14698968224953,16.4,-256.8,-168.0,-24.560000000000002
393854.25268336764,6450833.175979654,95.14698968224953,16.4,-196.79,-153.99,-24.560000000000002
393945.6224912158,6450875.9980956,95.14698968224953,16.4,-107.64,-106.72,-24.560000000000002
393677.546847583,6450723.905922914,95.12698968224953,16.38,-367.90000000000003,-271.83,-24.580000000000002
393656.7003280095,6450718.195658327,95.10698968224952,16.36,-388.44,-278.56,-24.6
393780.34196007374,6450807.164424872,95.10698968224952,16.36,-269.33,-183.61,-24.6
393633.12579015293,6450740.6138778115,95.09698968224953,16.35,-413.09000000000003,-257.33,-24.61
393661.7866892388,6450756.982227257,95.09698968224953,16.35,-385.27,-239.57,-24.61
393736.2309604472,6450769.651315005,95.09698968224953,16.35,-311.54,-223.25,-24.61
393876.14198406663,6450852.5214342885,95.09698968224953,16.35,-175.88,-133.59,-24.61
393789.3499167096,6450819.89624396,95.08698968224952,16.34,-260.96,-170.45000000000002,-24.62
393859.7329605077,6450857.615739523,95.08698968224952,16.34,-192.52,-129.31,-24.62
393863.9073246098,6450868.363198961,95.08698968224952,16.34,-188.88,-118.37,-24.62
394015.66270387877,6450907.577023863,95.08698968224952,16.34,-39.24,-71.73,-24.62
393629.9656932099,6450697.236872529,95.07698968224953,16.330000000000002,-414.11,-300.81,-24.63
393653.0952693886,6450745.796695488,95.07698968224953,16.330000000000002,-393.40000000000003,-251.17000000000002,-24.63
393723.5307930777,6450784.174405198,95.07698968224953,16.330000000000002,-324.94,-209.37,-24.63
393735.395948959,6450761.041991232,95.07698968224953,16.330000000000002,-311.95,-231.89000000000001,-24.63
393893.1087125089,6450847.569835964,95.07698968224953,16.330000000000002,-158.69,-137.70000000000002,-24.63
393732.7139301052,6450789.088109945,95.06698968224953,16.32,-316.01,-204.01,-24.64
393736.4708980116,6450776.547867038,95.06698968224953,16.32,-311.64,-216.35,-24.64
393876.15178636584,6450860.0300629195,95.06698968224953,16.32,-176.24,-126.09,-24.64
393920.06015610596,6450876.377468424,95.06698968224953,16.32,-133.19,-107.60000000000001,-24.64
393647.82846529287,6450699.289644682,95.04698968224953,16.3,-396.37,-297.88,-24.66
393687.62679275963,6450757.1598505825,95.03698968224953,16.29,-359.47,-238.12,-24.67
393739.83646410913,6450749.369137032,95.03698968224953,16.29,-306.94,-243.33,-24.67
393758.80404972954,6450803.270414341,95.03698968224953,16.29,-290.65000000000003,-188.56,-24.67
393800.66312688816,6450790.443342989,95.03698968224953,16.29,-248.21,-199.31,-24.67
393937.2863360374,6450886.23105787,95.03698968224953,16.29,-116.47,-96.91,-24.67
393754.499196004,6450807.948099067,95.02698968224954,16.28,-295.18,-184.1,-24.68
393915.6130447276,6450867.205353051,95.02698968224954,16.28,-137.18,-116.98,-24.68
393938.2736404901,6450901.380817931,95.02698968224954,16.28,-116.23,-81.73,-24.68
394016.7289388267,6450929.200752566,95.02698968224954,16.28,-39.24,-50.08,-24.68
393622.194733444,6450721.36886549,95.00698968224953,16.26,-423.06,-277.09000000000003,-24.7
393947.2729779138,6450905.612747272,95.00698968224953,16.26,-107.45,-77.06,-24.7
393665.05702953343,6450708.582436201,94.99698968224953,16.25,-379.62,-287.75,-24.71
393679.27488220733,6450745.346836989,94.99698968224953,16.25,-367.23,-250.33,-24.71
393710.1800318847,6450784.081800826,94.99698968224953,16.25,-338.27,-210.12,-24.71
393937.44233588735,6450907.66938952,94.99698968224953,16.25,-117.37,-75.49,-24.71
393989.58495220967,6450914.559793217,94.99698968224953,16.25,-65.63,-66.04,-24.71
393656.5966824768,6450704.113674887,94.98698968224953,16.240000000000002,-387.85,-292.63,-24.72
393727.0014389423,6450756.690129379,94.98698968224953,16.240000000000002,-320.12,-236.65,-24.72
393756.65055354696,6450765.891113195,94.98698968224953,16.240000000000002,-290.96,-226.0,-24.72
393796.70578783075,6450787.955217675,94.98698968224953,16.240000000000002,-252.04,-201.99,-24.72
393862.7644946598,6450830.363370809,94.98698968224953,16.240000000000002,-188.15,-156.38,-24.72
393639.69143259735,6450731.429383308,94.97698968224952,16.23,-406.08,-266.18,-24.73
393644.0477198772,6450711.550719844,94.97698968224952,16.23,-400.75,-285.82,-24.73
393875.22435333213,6450823.9619708145,94.97698968224952,16.23,-175.39000000000001,-162.16,-24.73
393858.9097868489,6450850.667848829,94.96698968224953,16.22,-193.0,-136.29,-24.740000000000002
393901.7051660311,6450852.3622869905,94.96698968224953,16.22,-150.34,-132.49,-24.740000000000002
393927.79828802537,6450859.295647258,94.96698968224953,16.22,-124.62,-124.28,-24.740000000000002
393893.56071956427,6450854.706234888,94.95698968224953,16.21,-158.59,-130.55,-24.75
393929.54406610725,6450904.244212961,94.95698968224953,16.21,-125.09,-79.3,-24.75
393932.63129739807,6450854.161397516,94.95698968224953,16.21,-119.54,-129.17000000000002,-24.75
393740.11216345924,6450786.23028853,94.94698968224952,16.2,-308.48,-206.5,-24.76
393944.74000842526,6450862.365013626,94.94698968224952,16.2,-107.85000000000001,-120.38,-24.76
394026.47126652685,6450962.511376261,94.94698968224952,16.2,-31.150000000000002,-16.330000000000002,-24.76
394024.0921023644,6450912.027286906,94.93698968224953,16.19,-31.04,-66.87,-24.77
393670.3679105554,6450747.658298863,94.91698968224952,16.17,-376.24,-248.46,-24.79
393787.32852710166,6450783.571716651,94.90698968224953,16.16,-261.19,-206.83,-24.8
393775.23481948633,6450782.576108235,94.89698968224953,16.15,-273.22,-208.42000000000002,-24.810000000000002
393801.5309913155,6450804.99826351,94.89698968224953,16.15,-248.06,-184.73,-24.810000000000002
393656.787121536,6450740.057912715,94.88698968224952,16.14,-389.43,-256.72,-24.82
393688.1844808777,6450772.53103739,94.87698968224953,16.13,-359.67,-222.74,-24.830000000000002
393631.2127253916,6450726.791320769,94.86698968224952,16.12,-414.32,-271.23,-24.84
393691.7716160633,6450723.855309756,94.86698968224952,16.12,-353.69,-271.18,-24.84
393719.0284156858,6450782.00350727,94.86698968224952,16.12,-329.33,-211.76,-24.84
393867.5810063934,6450833.219629676,94.85698968224952,16.11,-183.48,-153.29,-24.85
393853.923269374,6450825.683110617,94.84698968224953,16.1,-196.75,-161.49,-24.86
393981.33711968496,6450917.649737982,94.84698968224953,16.1,-74.02,-63.36,-24.86
394055.48659745627,6450951.549105916,94.84698968224953,16.1,-1.6300000000000001,-25.85,-24.86
393990.5617763096,6450929.7000579005,94.83698968224952,16.09,-65.4,-50.870000000000005,-24.87
393796.3310482426,6450794.771944912,94.82698968224953,16.080000000000002,-252.75,-195.20000000000002,-24.88
393885.9396252266,6450871.52196922,94.81698968224953,16.07,-167.03,-114.13,-24.89
394058.9966380839,6450946.590223502,94.81698968224953,16.07,2.12,-30.63,-24.89
393675.48494833463,6450765.1375014875,94.80698968224952,16.06,-371.99,-230.75,-24.900000000000002
393697.45840299525,6450770.351663958,94.80698968224952,16.06,-350.3,-224.46,-24.900000000000002
394038.83809813915,6450941.837238409,94.80698968224952,16.06,-17.78,-36.37,-24.900000000000002
394045.8822805896,6450924.489270412,94.80698968224952,16.06,-9.89,-53.35,-24.900000000000002
393727.2156597297,6450771.187170784,94.79698968224953,16.05,-320.62,-222.16,-24.91
393792.1004080598,6450778.009958647,94.79698968224953,16.05,-256.15,-212.15,-24.91
393956.9065064149,6450917.833137144,94.79698968224953,16.05,-98.43,-64.38,-24.91
393973.10341303644,6450919.807856337,94.79698968224953,16.05,-82.35000000000001,-61.61,-24.91
393982.64474456676,6450933.204213775,94.79698968224953,16.05,-73.48,-47.76,-24.91
394015.67405754805,6450937.452717511,94.79698968224953,16.05,-40.7,-41.89,-24.91
394034.4371800836,6450953.297885001,94.79698968224953,16.05,-22.740000000000002,-25.14,-24.91
393879.73600985494,6450825.7119009355,94.78698968224953,16.04,-170.97,-160.19,-24.92
394050.428734908,6450919.228980201,94.78698968224953,16.04,-5.09,-58.38,-24.92
393696.56463485514,6450754.256149724,94.77698968224954,16.03,-350.40000000000003,-240.58,-24.93
393748.74311207485,6450754.767046072,94.77698968224954,16.03,-298.31,-237.5,-24.93
393792.36407568696,6450792.494549748,94.77698968224954,16.03,-256.6,-197.67000000000002,-24.93
393836.4618479572,6450802.124476063,94.77698968224954,16.03,-213.03,-185.88,-24.93
393846.67481488275,6450864.066664484,94.77698968224954,16.03,-205.88,-123.51,-24.93
393868.734315327,6450854.578749008,94.77698968224954,16.03,-183.38,-131.9,-24.93
393674.8879742617,6450735.771267102,94.76698968224953,16.02,-371.14,-260.11,-24.94
393710.1401753156,6450769.4660281325,94.76698968224953,16.02,-337.59000000000003,-224.72,-24.94
393849.72563416586,6450837.814559775,94.76698968224953,16.02,-201.54,-149.58,-24.94
393963.3905522264,6450908.212131481,94.76698968224953,16.02,-91.48,-73.67,-24.94
393807.1688881062,6450828.979704661,94.75698968224953,16.01,-243.61,-160.5,-24.95
394075.5372269142,6450933.199371358,94.75698968224953,16.01,19.3,-43.19,-24.95
393981.6272295893,6450909.725835141,94.74698968224953,16.0,-73.34,-71.26,-24.96
393670.6866586299,6450762.650793639,94.73698968224953,15.990000000000002,-376.66,-233.47,-24.97
393705.39379488735,6450767.016809311,94.73698968224953,15.990000000000002,-342.21,-227.4,-24.97
393736.0932816273,6450783.915404338,94.73698968224953,15.990000000000002,-312.38,-209.01,-24.97
393757.64623028337,6450781.2106669685,94.73698968224953,15.990000000000002,-290.72,-210.65,-24.97
393718.0528528005,6450766.482718727,94.72698968224952,15.98,-329.54,-227.31,-24.98
393889.75268923596,6450867.429214296,94.72698968224952,15.98,-163.02,-118.03,-24.98
393692.3271137661,6450760.502421813,94.71698968224953,15.969999999999999,-354.94,-234.55,-24.990000000000002
393730.7299039491,6450759.409807429,94.71698968224953,15.969999999999999,-316.53000000000003,-233.75,-24.990000000000002
394003.43528939225,6450945.495220482,94.71698968224953,15.969999999999999,-53.32,-34.46,-24.990000000000002
393708.71390148933,6450732.621561209,94.70698968224953,15.96,-337.2,-261.59000000000003,-25.0
393897.7441033227,6450850.20474621,94.70698968224953,15.96,-154.19,-134.84,-25.0
393922.4331983926,6450904.604851765,94.70698968224953,15.96,-132.21,-79.29,-25.0
393774.6055714166,6450776.109250664,94.69698968224952,15.95,-273.53000000000003,-214.91,-25.01
393880.80831923214,6450876.90120697,94.69698968224952,15.95,-172.42000000000002,-109.01,-25.01
393956.14014877036,6450909.600889822,94.69698968224952,15.95,-98.79,-72.64,-25.01
393674.7906012709,6450750.243624148,94.68698968224953,15.940000000000001,-371.95,-245.66,-25.02
393784.73168904206,6450795.273807582,94.68698968224953,15.940000000000001,-264.36,-195.27,-25.02
393844.6540433358,6450821.053990978,94.68698968224953,15.940000000000001,-205.78,-166.57,-25.02
393876.9433250727,6450846.234340157,94.67698968224953,15.93,-174.77,-139.83,-25.03
393890.06423556776,6450874.762769972,94.67698968224953,15.93,-163.07,-110.69,-25.03
393906.3997278565,6450861.882638311,94.66698968224952,15.920000000000002,-146.12,-122.75,-25.04
393774.1937920629,6450768.5703821955,94.65698968224953,15.91,-273.57,-222.46,-25.05
393919.17325769505,6450847.426015762,94.65698968224953,15.91,-132.65,-136.56,-25.05
394038.39969094214,6450964.215985001,94.65698968224953,15.91,-19.32,-14.040000000000001,-25.05
393654.1210171602,6450752.994913428,94.64698968224953,15.899999999999999,-392.73,-243.93,-25.060000000000002
393810.8932444137,6450823.900121008,94.64698968224953,15.899999999999999,-239.64000000000001,-165.39000000000001,-25.060000000000002
393941.81624527037,6450896.270147587,94.64698968224953,15.899999999999999,-112.44,-86.66,-25.060000000000002
393972.9919616158,6450927.903168475,94.64698968224953,15.899999999999999,-82.86,-53.53,-25.060000000000002
394020.33813682786,6450917.318585683,94.64698968224953,15.899999999999999,-35.050000000000004,-61.77,-25.060000000000002
393728.0994525505,6450793.781061778,94.63698968224952,15.89,-320.85,-199.55,-25.07
393932.2579752791,6450861.819075402,94.62698968224953,15.879999999999999,-120.29,-121.54,-25.080000000000002
394023.94393064553,6450919.783996592,94.62698968224953,15.879999999999999,-31.57,-59.13,-25.080000000000002
394007.37885557127,6450932.475205667,94.61698968224952,15.870000000000001,-48.74,-47.27,-25.09
393818.70461744757,6450791.856537387,94.60698968224952,15.86,-230.26,-197.01,-25.1
393945.6707242876,6450869.057297837,94.60698968224952,15.86,-107.25,-113.65,-25.1
393775.4637074529,6450805.492643973,94.59698968224953,15.850000000000001,-274.12,-185.52,-25.11
393841.4537465225,6450824.375632182,94.59698968224953,15.850000000000001,-209.14000000000001,-163.41,-25.11
393880.4497927158,6450847.903676755,94.59698968224953,15.850000000000001,-171.35,-137.99,-25.11
393893.9489376561,6450862.376423068,94.59698968224953,15.850000000000001,-158.58,-122.87,-25.11
393980.7487941359,6450888.052797721,94.59698968224953,15.850000000000001,-73.15,-92.95,-25.11
394053.7173822062,6450955.060498431,94.59698968224953,15.850000000000001,-3.5700000000000003,-22.43,-25.11
393788.39311578684,6450797.446122981,94.58698968224952,15.84,-260.81,-192.92000000000002,-25.12
393902.33732579707,6450844.471578908,94.57698968224953,15.830000000000002,-149.32,-140.34,-25.13
393666.564083819,6450753.562797331,94.56698968224953,15.82,-380.33,-242.75,-25.14
393922.71630751627,6450849.634204606,94.56698968224953,15.82,-129.22,-134.18,-25.14
393748.91831892857,6450776.594904478,94.55698968224952,15.809999999999999,-299.21,-215.69,-25.150000000000002
393841.8071681883,6450855.706244899,94.55698968224952,15.809999999999999,-210.33,-132.1,-25.150000000000002
393872.48441909254,6450849.818284558,94.55698968224952,15.809999999999999,-179.4,-136.47,-25.150000000000002
393919.4722755976,6450854.099387346,94.55698968224952,15.809999999999999,-132.68,-129.88,-25.150000000000002
393998.3101723346,6450912.217244657,94.55698968224952,15.809999999999999,-56.800000000000004,-67.95,-25.150000000000002
393634.49942098634,6450692.327635068,94.54698968224953,15.8,-409.34000000000003,-305.49,-25.16
393675.80693179177,6450758.063059696,94.54698968224953,15.8,-371.32,-237.8,-25.16
393771.251672978,6450780.579850765,94.54698968224953,15.8,-277.1,-210.61,-25.16
393809.77796443936,6450795.190208949,94.54698968224953,15.8,-239.34,-194.12,-25.16
393640.0467447154,6450745.539006026,94.53698968224953,15.79,-406.42,-252.07,-25.17
393735.4118034443,6450746.743860282,94.53698968224953,15.79,-311.23,-246.17000000000002,-25.17
393792.9164371188,6450814.864491561,94.53698968224953,15.79,-257.15,-175.3,-25.17
393802.01600756444,6450819.301733691,94.53698968224953,15.79,-248.28,-170.42000000000002,-25.17
393717.48271996883,6450745.985925108,94.52698968224954,15.780000000000001,-329.1,-247.81,-25.18
393849.252528285,6450830.859419889,94.52698968224954,15.780000000000001,-201.67000000000002,-156.55,-25.18
393851.17346862383,6450866.56814695,94.52698968224954,15.780000000000001,-201.51,-120.79,-25.18
393932.96007656533,6450883.570892651,94.52698968224954,15.780000000000001,-120.66,-99.78,-25.18
393942.58701716556,6450903.170561392,94.51698968224953,15.77,-112.01,-79.73,-25.19
394015.38771737146,6450921.086960294,94.51698968224953,15.77,-40.18,-58.25,-25.19
394028.3993710801,6450914.70841283,94.51698968224953,15.77,-26.87,-63.980000000000004,-25.19
393704.97036885907,6450745.231226684,94.50698968224953,15.760000000000002,-341.56,-249.18,-25.2
393758.8579164086,6450796.849970558,94.50698968224953,15.760000000000002,-290.28000000000003,-194.97,-25.2
393833.08759843616,6450843.340667543,94.50698968224953,15.760000000000002,-218.43,-144.88,-25.2
393967.10765101755,6450874.558231614,94.50698968224953,15.760000000000002,-86.11,-107.10000000000001,-25.2
393867.5356026716,6450846.918488698,94.49698968224953,15.75,-184.20000000000002,-139.61,-25.21
393965.35821749415,6450929.030488608,94.49698968224953,15.75,-90.54,-52.78,-25.21
394063.1041662558,6450934.0527192755,94.48698968224953,15.740000000000002,6.84,-42.95,-25.22
393881.05095224566,6450869.029705893,94.47698968224952,15.73,-171.79,-116.86,-25.23
393947.03231484944,6450913.524199811,94.46698968224953,15.719999999999999,-108.08,-69.17,-25.240000000000002
393635.53084137366,6450736.190064003,94.45698968224953,15.71,-410.47,-261.63,-25.25
393793.8200368696,6450829.738038801,94.45698968224953,15.71,-256.98,-160.4,-25.25
394009.3370310492,6450948.227883179,94.45698968224953,15.71,-47.56,-31.44,-25.25
393658.1328660504,6450755.370217298,94.43698968224953,15.690000000000001,-388.84000000000003,-241.36,-25.27
393854.8301142043,6450863.364173932,94.43698968224953,15.690000000000001,-197.70000000000002,-123.81,-25.27
394028.645080372,6450921.925069047,94.43698968224953,15.690000000000001,-26.98,-56.76,-25.27
393950.9738985331,6450893.966349262,94.42698968224953,15.68,-103.18,-88.51,-25.28
394003.21240194654,6450929.807160653,94.40698968224953,15.66,-52.77,-50.14,-25.3
393753.35904473753,6450770.408697701,94.38698968224952,15.64,-294.47,-221.65,-25.32
393767.45989051077,6450815.3587939,94.37698968224953,15.629999999999999,-282.6,-176.06,-25.330000000000002
393766.58322552434,6450778.086740584,94.37698968224953,15.629999999999999,-281.64,-213.33,-25.330000000000002
393833.3658718807,6450850.40553583,94.37698968224953,15.629999999999999,-218.5,-137.81,-25.330000000000002
393849.9957557929,6450823.393757637,94.37698968224953,15.629999999999999,-200.56,-163.97,-25.330000000000002
393631.606973316,6450732.959389231,94.34698968224953,15.600000000000001,-414.23,-265.05,-25.36
393846.22413462296,6450850.662594682,94.34698968224953,15.600000000000001,-205.67000000000002,-136.92000000000002,-25.36
393854.0577170304,6450811.759593683,94.34698968224953,15.600000000000001,-195.93,-175.39000000000001,-25.36
393876.58954197116,6450874.796422321,94.34698968224953,15.600000000000001,-176.53,-111.32000000000001,-25.36
393625.80931812426,6450701.676956553,94.33698968224952,15.59,-418.48,-296.58,-25.37
393696.3945174563,6450761.973892922,94.33698968224952,15.59,-350.95,-232.88,-25.37
393744.04098570126,6450780.830246328,94.33698968224952,15.59,-304.29,-211.70000000000002,-25.37
393775.242946211,6450791.066010117,94.33698968224952,15.59,-273.63,-199.94,-25.37
393643.63906002935,6450733.517501516,94.32698968224953,15.580000000000002,-402.24,-263.9,-25.38
393656.9505478141,6450726.112942587,94.32698968224953,15.580000000000002,-388.58,-270.64,-25.38
394020.89893053594,6450939.04733416,94.32698968224953,15.580000000000002,-35.56,-40.04,-25.38
394060.8065804807,6450954.260393549,94.32698968224953,15.580000000000002,3.5500000000000003,-22.88,-25.38
393761.2499327972,6450768.607896316,94.31698968224953,15.57,-286.5,-223.06,-25.39
393901.8326197539,6450874.643046751,94.31698968224953,15.57,-151.31,-110.23,-25.39
394037.8936568446,6450912.327942745,94.31698968224953,15.57,-17.27,-65.89,-25.39
393661.5466177732,6450728.559560849,94.30698968224952,15.559999999999999,-384.11,-267.97,-25.400000000000002
393963.5683848398,6450871.208471185,94.30698968224952,15.559999999999999,-89.48,-110.62,-25.400000000000002
393972.80087381444,6450890.727468271,94.30698968224952,15.559999999999999,-81.22,-90.67,-25.400000000000002
394042.5197168622,6450944.419056291,94.30698968224952,15.559999999999999,-14.23,-33.61,-25.400000000000002
393686.37266764336,6450728.476809071,94.29698968224953,15.55,-359.31,-266.83,-25.41
393779.92604270944,6450800.556890331,94.29698968224953,15.55,-269.42,-190.23,-25.41
393822.58479225775,6450793.998042335,94.29698968224953,15.55,-226.49,-194.68,-25.41
393889.2879724041,6450845.415388226,94.29698968224953,15.55,-162.4,-140.04,-25.41
393958.9051384987,6450868.414740065,94.29698968224953,15.55,-94.0,-113.64,-25.41
393837.0078502818,6450838.782068473,94.28698968224953,15.54,-214.29,-149.24,-25.42
393714.2346351246,6450763.567223264,94.27698968224954,15.530000000000001,-333.21,-230.41,-25.43
393871.0948962455,6450821.23202866,94.27698968224954,15.530000000000001,-179.38,-165.09,-25.43
393822.7705143643,6450802.028640526,94.26698968224953,15.52,-226.70000000000002,-186.65,-25.44
394024.28290422895,6450904.729034058,94.25698968224953,15.510000000000002,-30.490000000000002,-74.15,-25.45
393621.8790184204,6450707.047035159,94.24698968224953,15.5,-422.67,-291.41,-25.46
393705.70430879825,6450781.63926058,94.24698968224953,15.5,-342.62,-212.78,-25.46
393762.73305753776,6450790.36125102,94.23698968224953,15.490000000000002,-286.09000000000003,-201.26,-25.47
393954.45945713593,6450866.581459612,94.23698968224953,15.490000000000002,-98.35000000000001,-115.69,-25.47
393854.434879936,6450840.525925536,94.22698968224952,15.48,-196.97,-146.64000000000001,-25.48
394028.75068330736,6450929.5491196755,94.22698968224952,15.48,-27.25,-49.14,-25.48
393644.0435944129,6450718.979938039,94.21698968224953,15.469999999999999,-401.12,-278.40000000000003,-25.490000000000002
394012.11250386934,6450940.351637207,94.21698968224953,15.469999999999999,-44.4,-39.17,-25.490000000000002
394042.4871652558,6450951.068728493,94.21698968224953,15.469999999999999,-14.59,-26.97,-25.490000000000002
393621.0674928054,6450730.9960628245,94.19698968224952,15.45,-424.66,-267.53000000000003,-25.51
393784.8016473275,6450809.687853017,94.19698968224952,15.45,-265.0,-180.87,-25.51
393819.57917436503,6450829.288889039,94.19698968224952,15.45,-231.23000000000002,-159.58,-25.51
393889.68668339495,6450859.592956054,94.19698968224952,15.45,-162.70000000000002,-125.86,-25.51
393954.46685699146,6450873.229161865,94.19698968224952,15.45,-98.67,-109.05,-25.51
394024.2548282353,6450925.886089895,94.19698968224952,15.45,-31.560000000000002,-53.02,-25.51
393744.2906697913,6450774.320049875,94.18698968224953,15.440000000000001,-303.72,-218.19,-25.52
393739.7333807531,6450779.360607049,94.17698968224953,15.43,-308.52,-213.38,-25.53
393779.47923676664,6450793.119870464,94.17698968224953,15.43,-269.5,-197.68,-25.53
393818.2247380996,6450799.789797486,94.17698968224953,15.43,-231.13,-189.11,-25.53
393828.0698087042,6450826.046801978,94.17698968224953,15.43,-222.59,-162.4,-25.53
393845.6539836565,6450828.74407676,94.16698968224952,15.420000000000002,-205.16,-158.84,-25.54
393823.2259688305,6450809.234954511,94.14698968224953,15.399999999999999,-226.6,-179.43,-25.560000000000002
393893.3115586426,6450869.146027783,94.13698968224952,15.39,-159.55,-116.14,-25.57
393652.2490437206,6450723.761632473,94.12698968224953,15.379999999999999,-393.16,-273.22,-25.580000000000002
393669.64627857925,6450733.226325774,94.12698968224953,15.379999999999999,-376.25,-262.91,-25.580000000000002
393618.0010074529,6450725.660608995,94.11698968224952,15.370000000000001,-427.46000000000004,-273.01,-25.59
393744.0403593131,6450759.294144092,94.11698968224952,15.370000000000001,-303.23,-233.21,-25.59
394016.8701222006,6450952.572159608,94.11698968224952,15.370000000000001,-40.25,-26.73,-25.59
393725.86617901805,6450749.7075664615,94.10698968224952,15.36,-320.91,-243.68,-25.6
393753.2357736223,6450778.264301065,94.10698968224952,15.36,-294.98,-213.81,-25.6
394012.480488125,6450949.845034257,94.10698968224952,15.36,-44.5,-29.67,-25.6
394011.9363301758,6450919.925527375,94.10698968224952,15.36,-43.57,-59.58,-25.6
393828.89665856777,6450839.972979463,94.09698968224953,15.350000000000001,-222.45000000000002,-148.45000000000002,-25.61
394038.09756608016,6450934.534847549,94.09698968224953,15.350000000000001,-18.16,-43.7,-25.61
394050.2716509717,6450934.114779628,94.08698968224952,15.34,-5.98,-43.52,-25.62
393885.6416397449,6450857.559702046,94.07698968224953,15.330000000000002,-166.64000000000001,-128.09,-25.63
393910.700334763,6450849.6059416775,94.06698968224953,15.32,-141.22,-134.8,-25.64
394011.2732818314,6450926.986750137,94.05698968224952,15.309999999999999,-44.58,-52.56,-25.650000000000002
393665.4820976055,6450759.843705371,94.04698968224953,15.3,-381.72,-236.53,-25.66
393746.0043148455,6450803.5911742225,94.04698968224953,15.3,-303.45,-188.87,-25.66
394021.2413124115,6450959.5954064485,94.04698968224953,15.3,-36.230000000000004,-19.5,-25.66
393680.44085769,6450767.165890617,94.03698968224953,15.29,-367.14,-228.48000000000002,-25.67
393696.2441330787,6450739.634190941,94.03698968224953,15.29,-350.0,-255.20000000000002,-25.67
394013.1754169801,6450955.207316783,94.03698968224953,15.29,-44.07,-24.28,-25.67
393708.76387149765,6450740.5387073485,94.02698968224954,15.280000000000001,-337.54,-253.68,-25.68
393740.4569352321,6450801.141402923,94.02698968224954,15.280000000000001,-308.87,-191.59,-25.68
393860.2387212149,6450871.527713005,94.02698968224954,15.280000000000001,-192.70000000000002,-115.39,-25.68
393914.52572350047,6450852.260767661,94.02698968224954,15.280000000000001,-137.53,-131.96,-25.68
393998.92671199737,6450920.456879286,94.02698968224954,15.280000000000001,-56.59,-59.69,-25.68
393686.76314868947,6450720.557969224,94.01698968224953,15.27,-358.53000000000003,-274.72,-25.69
393955.2454137904,6450894.90712416,94.01698968224953,15.27,-98.96000000000001,-87.36,-25.69
393856.75502945174,6450813.669071544,93.99698968224953,15.25,-193.33,-173.35,-25.71
393950.6207070303,6450886.1943124775,93.99698968224953,15.25,-103.15,-96.29,-25.71
393972.4183869616,6450902.260299832,93.98698968224953,15.240000000000002,-82.17,-79.17,-25.72
394009.7907304443,6450939.154528955,93.98698968224953,15.240000000000002,-46.660000000000004,-40.480000000000004,-25.72
394029.3826407418,6450944.396012609,93.98698968224953,15.240000000000002,-27.35,-34.28,-25.72
394029.8931882019,6450958.6081145415,93.97698968224952,15.23,-27.54,-20.06,-25.73
393915.12870653224,6450845.40274962,93.96698968224953,15.219999999999999,-136.59,-138.78,-25.740000000000002
393919.7437323477,6450861.635162771,93.96698968224953,15.219999999999999,-132.78,-122.34,-25.740000000000002
393700.83130895544,6450750.631623255,93.95698968224953,15.21,-345.96,-243.99,-25.75
393806.7597874364,6450821.901262984,93.95698968224953,15.21,-243.67000000000002,-167.59,-25.75
393872.5641196847,6450872.551945677,93.95698968224953,15.21,-180.44,-113.76,-25.75
393923.49960784067,6450857.194802505,93.95698968224953,15.21,-128.81,-126.59,-25.75
393928.41417894606,6450866.303819513,93.95698968224953,15.21,-124.35000000000001,-117.25,-25.75
393758.3997818892,6450772.533025585,93.94698968224952,15.2,-289.54,-219.28,-25.76
393862.5662622588,6450823.094312827,93.94698968224952,15.2,-187.99,-163.65,-25.76
393682.9582895322,6450733.751363283,93.93698968224953,15.190000000000001,-362.98,-261.73,-25.77
393949.8859941451,6450871.903154481,93.92698968224953,15.18,-103.18,-110.60000000000001,-25.78
394029.04964121734,6450937.033478309,93.92698968224953,15.18,-27.32,-41.65,-25.78
394055.08512965444,6450936.30037405,93.92698968224953,15.18,-1.28,-41.1,-25.78
393767.3047026152,6450807.947443367,93.90698968224953,15.16,-282.39,-183.47,-25.8
393941.5945590466,6450881.012550948,93.89698968224953,15.149999999999999,-111.91,-101.91,-25.810000000000002
393651.90174951864,6450709.611565802,93.88698968224952,15.14,-392.81,-287.37,-25.82
393745.8817692301,6450796.638773014,93.88698968224952,15.14,-303.23,-195.82,-25.82
393846.8776485807,6450807.467995256,93.88698968224952,15.14,-202.89000000000001,-180.03,-25.82
393748.41281632666,6450760.8607071005,93.87698968224953,15.129999999999999,-298.94,-231.43,-25.830000000000002
393801.1770478507,6450782.388258556,93.87698968224953,15.129999999999999,-247.3,-207.33,-25.830000000000002
393964.551697729,6450915.313563813,93.87698968224953,15.129999999999999,-90.67,-66.52,-25.830000000000002
393999.01677158737,6450928.17180568,93.87698968224953,15.129999999999999,-56.88,-51.980000000000004,-25.830000000000002
394024.78670890274,6450941.749144549,93.85698968224952,15.11,-31.810000000000002,-37.15,-25.85
393628.0875628838,6450731.230617929,93.83698968224952,15.09,-417.66,-266.95,-25.87
393806.29087123164,6450784.979553682,93.83698968224952,15.09,-242.32,-204.49,-25.87
393925.4209806741,6450893.724504481,93.83698968224952,15.09,-128.69,-90.01,-25.87
394055.3676805991,6450958.883862818,93.83698968224952,15.09,-2.11,-18.53,-25.87
393752.55887986056,6450764.130486476,93.82698968224953,15.080000000000002,-294.96,-227.96,-25.88
393815.80806244747,6450841.339234051,93.82698968224953,15.080000000000002,-235.59,-147.73,-25.88
393923.54337362706,6450863.970869547,93.82698968224953,15.080000000000002,-129.1,-119.82000000000001,-25.88
394032.3798863511,6450908.935372194,93.81698968224953,15.07,-22.61,-69.55,-25.89
393902.4761067273,6450866.982059576,93.80698968224952,15.059999999999999,-150.29,-117.85000000000001,-25.900000000000002
393974.37662380165,6450933.852194497,93.80698968224952,15.059999999999999,-81.77,-47.52,-25.900000000000002
393989.2039707608,6450900.741788547,93.80698968224952,15.059999999999999,-65.33,-79.86,-25.900000000000002
393998.23318110727,6450897.863618899,93.80698968224952,15.059999999999999,-56.17,-82.29,-25.900000000000002
393617.28669857414,6450733.915805105,93.79698968224953,15.05,-428.58,-264.8,-25.91
393617.3586784742,6450719.334566515,93.79698968224953,15.05,-427.79,-279.36,-25.91
393783.6316370541,6450802.406639108,93.79698968224953,15.05,-265.81,-188.20000000000002,-25.91
393876.6526696465,6450866.533286423,93.79698968224953,15.05,-176.06,-119.57000000000001,-25.91
393749.179588331,6450768.492205031,93.78698968224953,15.04,-298.55,-223.77,-25.92
393771.9026950772,6450817.742884414,93.78698968224953,15.04,-278.28000000000003,-173.46,-25.92
394034.86317598715,6450967.013548582,93.78698968224953,15.04,-22.990000000000002,-11.42,-25.92
393647.1851164396,6450706.750382064,93.77698968224954,15.030000000000001,-397.38,-290.46,-25.93
393657.33340853854,6450732.862277196,93.77698968224954,15.030000000000001,-388.53000000000003,-263.88,-25.93
393960.9448840368,6450926.634932766,93.77698968224954,15.030000000000001,-94.83,-55.39,-25.93
393761.89992532507,6450774.683257185,93.76698968224953,15.02,-286.15000000000003,-216.96,-25.94
393910.3124542731,6450857.374471055,93.76698968224953,15.02,-141.99,-127.06,-25.94
393754.0322762104,6450800.712313973,93.75698968224953,15.010000000000002,-295.29,-191.35,-25.95
393825.01158956595,6450845.651204437,93.75698968224953,15.010000000000002,-226.61,-142.97,-25.95
393934.373766189,6450898.839798367,93.75698968224953,15.010000000000002,-120.0,-84.46000000000001,-25.95
394054.52585663536,6450929.0190820135,93.75698968224953,15.010000000000002,-1.48,-48.4,-25.95
393816.24771409365,6450833.808443492,93.73698968224953,14.990000000000002,-234.78,-155.23,-25.97
393998.7330194208,6450905.157853723,93.71698968224953,14.969999999999999,-56.03,-74.98,-25.990000000000002
393726.2665098097,6450741.988483922,93.70698968224953,14.96,-320.13,-251.37,-26.0
393941.50977869646,6450873.607740869,93.70698968224953,14.96,-111.63,-109.31,-26.0
393797.2432839708,6450802.916902003,93.69698968224952,14.95,-252.24,-187.02,-26.01
393884.3637761279,6450864.741349807,93.69698968224952,14.95,-168.27,-120.98,-26.01
393744.08658753574,6450766.120150461,93.68698968224953,14.940000000000001,-303.52,-226.39000000000001,-26.02
393971.3620198937,6450882.258052743,93.68698968224953,14.940000000000001,-82.24,-99.2,-26.02
393935.09595064516,6450912.470772273,93.67698968224953,14.93,-119.95,-70.81,-26.03
393775.8667127093,6450819.960352389,93.66698968224952,14.920000000000002,-274.43,-171.05,-26.04
393806.52827792906,6450836.089881776,93.66698968224952,14.920000000000002,-244.6,-153.43,-26.04
394050.66425400245,6450949.183729916,93.66698968224952,14.920000000000002,-6.33,-28.45,-26.04
393709.3836241891,6450747.016045272,93.65698968224953,14.91,-337.24,-247.18,-26.05
393758.66649648326,6450810.836369608,93.65698968224953,14.91,-291.16,-181.01,-26.05
393875.8986158563,6450830.326487296,93.65698968224953,14.91,-175.03,-155.77,-26.05
393958.7094424427,6450883.532722836,93.65698968224953,14.91,-94.94,-98.55,-26.05
393862.9800547889,6450845.090625604,93.64698968224953,14.899999999999999,-188.66,-141.66,-26.060000000000002
393924.0294222969,6450870.985444139,93.64698968224953,14.899999999999999,-128.96,-112.79,-26.060000000000002
393802.1990035409,6450834.180776419,93.63698968224952,14.89,-248.83,-155.55,-26.07
393802.25419142697,6450826.568821721,93.63698968224952,14.89,-248.4,-163.15,-26.07
393788.5826522177,6450812.25475816,93.62698968224953,14.879999999999999,-261.35,-178.12,-26.080000000000002
393639.50271233986,6450708.921365077,93.61698968224952,14.870000000000001,-405.16,-288.67,-26.09
393946.39203257766,6450891.198641843,93.61698968224952,14.870000000000001,-107.62,-91.5,-26.09
393963.2264563327,6450886.203506527,93.61698968224952,14.870000000000001,-90.56,-95.66,-26.09
393972.0450621037,6450876.617569311,93.61698968224952,14.870000000000001,-81.28,-104.8,-26.09
393989.2952915653,6450908.076191078,93.61698968224952,14.870000000000001,-65.6,-72.53,-26.09
393652.3079552576,6450715.819093241,93.59698968224953,14.850000000000001,-392.71000000000004,-281.15000000000003,-26.11
393829.42943353596,6450848.747388319,93.59698968224953,14.850000000000001,-222.35,-139.66,-26.11
393802.00840822706,6450797.015064084,93.58698968224952,14.84,-247.19,-192.68,-26.12
393957.2255000483,6450924.505523752,93.58698968224952,14.84,-98.44,-57.7,-26.12
394064.09157814726,6450941.082620962,93.58698968224952,14.84,7.48,-35.88,-26.12
393765.6171719328,6450785.70356016,93.57698968224953,14.830000000000002,-282.98,-205.77,-26.13
393858.0010934242,6450827.975064155,93.55698968224952,14.809999999999999,-192.79,-159.0,-26.150000000000002
393723.76229836594,6450791.712150571,93.54698968224953,14.8,-325.08,-201.83,-26.16
393828.15616140864,6450818.8638330065,93.54698968224953,14.8,-222.15,-169.57,-26.16
393857.6421483289,6450821.304647495,93.54698968224953,14.8,-192.82,-165.68,-26.16
393798.8097841386,6450837.7320004115,93.52698968224954,14.780000000000001,-252.39000000000001,-152.17000000000002,-26.18
393930.0841139878,6450909.714253938,93.51698968224953,14.77,-124.82000000000001,-73.81,-26.19
393730.2856985627,6450751.822477097,93.49698968224953,14.75,-316.6,-241.35,-26.21
393865.18866073026,6450874.247234799,93.49698968224953,14.75,-187.89000000000001,-112.43,-26.21
393898.50303875795,6450872.0939311385,93.49698968224953,14.75,-154.51,-112.94,-26.21
393630.50181932695,6450704.048734886,93.48698968224953,14.740000000000002,-413.91,-293.98,-26.22
393980.74748547503,6450895.742192903,93.48698968224953,14.740000000000002,-73.53,-85.27,-26.22
393980.8424560221,6450880.408909478,93.48698968224953,14.740000000000002,-72.68,-100.58,-26.22
394009.8444366498,6450953.238974831,93.48698968224953,14.740000000000002,-47.300000000000004,-26.41,-26.22
394028.6056381626,6450906.708546961,93.48698968224953,14.740000000000002,-26.27,-71.96000000000001,-26.22
393824.9239017384,6450830.877595842,93.45698968224953,14.71,-225.97,-157.73,-26.25
393846.254050773,6450857.969988541,93.45698968224953,14.71,-206.0,-129.62,-26.25
393980.854625865,6450902.58522008,93.43698968224953,14.690000000000001,-73.76,-78.43,-26.27
393996.03294175054,6450945.62994016,93.43698968224953,14.690000000000001,-60.72,-34.69,-26.27
393963.4050673699,6450893.683787139,93.42698968224953,14.68,-90.75,-88.18,-26.28
393933.0592171737,6450891.876088083,93.41698968224952,14.670000000000002,-120.97,-91.48,-26.29
393766.5442422718,6450793.337166161,93.39698968224953,14.649999999999999,-282.43,-198.1,-26.310000000000002
393768.99098326016,6450820.419530506,93.39698968224953,14.649999999999999,-281.32,-170.93,-26.310000000000002
393627.46230637754,6450695.808427789,93.38698968224952,14.64,-416.54,-302.36,-26.32
393832.0678554045,6450821.644561346,93.38698968224952,14.64,-218.38,-166.6,-26.32
393928.71776872367,6450889.517036293,93.36698968224952,14.620000000000001,-125.19,-94.05,-26.34
393635.33316567156,6450706.393642668,93.34698968224953,14.600000000000001,-409.2,-291.40000000000003,-26.36
393792.89862112235,6450785.669942713,93.33698968224952,14.59,-255.73000000000002,-204.46,-26.37
393803.3048523487,6450840.363817614,93.33698968224952,14.59,-248.03,-149.32,-26.37
394031.14920935873,6450964.994006088,93.33698968224952,14.59,-26.6,-13.620000000000001,-26.37
393761.8181012679,6450783.9885785,93.32698968224953,14.580000000000002,-286.69,-207.67000000000002,-26.38
393919.89828963584,6450869.236775233,93.32698968224953,14.580000000000002,-133.0,-114.74000000000001,-26.38
393783.82733311027,6450787.288656339,93.31698968224953,14.57,-264.87,-203.29,-26.39
393797.46495205973,6450816.752774335,93.31698968224953,14.57,-252.70000000000002,-173.19,-26.39
393894.2972168324,6450876.546465468,93.31698968224953,14.57,-158.93,-108.7,-26.39
393792.9985430042,6450800.082510687,93.30698968224952,14.559999999999999,-256.34000000000003,-190.06,-26.400000000000002
393831.1662256028,6450806.810965567,93.29698968224953,14.55,-218.55,-181.46,-26.41
393932.9665263463,6450876.391863583,93.29698968224953,14.55,-120.3,-106.95,-26.41
394046.70462130976,6450954.365024055,93.29698968224953,14.55,-10.540000000000001,-23.47,-26.41
393722.212030774,6450739.154723214,93.28698968224953,14.54,-324.04,-254.4,-26.42
393806.157162991,6450807.243154518,93.28698968224953,14.54,-243.55,-182.26,-26.42
393882.0537219163,6450883.477852935,93.28698968224953,14.54,-171.5,-102.38,-26.42
394017.7863996774,6450957.753321214,93.27698968224954,14.530000000000001,-39.59,-21.51,-26.43
394025.12965306535,6450934.693693516,93.27698968224954,14.530000000000001,-31.12,-44.18,-26.43
393897.6417315507,6450842.240123178,93.25698968224953,14.510000000000002,-153.9,-142.8,-26.45
393963.7571999899,6450879.098746772,93.25698968224953,14.510000000000002,-89.68,-102.73,-26.45
393815.3043316821,6450826.656224982,93.23698968224953,14.490000000000002,-235.37,-162.42000000000002,-26.47
393814.17019907123,6450797.767023829,93.23698968224953,14.490000000000002,-235.08,-191.33,-26.47
394009.29783576843,6450941.34145713,93.23698968224953,14.490000000000002,-47.26,-38.32,-26.47
393804.298391815,6450792.897288573,93.22698968224952,14.48,-244.70000000000002,-196.68,-26.48
393723.92383145285,6450761.687762033,93.21698968224953,14.469999999999999,-323.44,-231.81,-26.490000000000002
393898.0878119934,6450864.485147614,93.20698968224953,14.46,-154.55,-120.56,-26.5
393704.99558893,6450759.347113619,93.19698968224952,14.45,-342.23,-235.08,-26.51
393893.6992368009,6450884.11509942,93.18698968224953,14.440000000000001,-159.9,-101.17,-26.52
393775.2457574263,6450796.402347073,93.17698968224953,14.43,-273.89,-194.61,-26.53
393827.6429227188,6450797.693420022,93.17698968224953,14.43,-221.62,-190.74,-26.53
393787.96234567685,6450789.928215218,93.16698968224952,14.420000000000002,-260.87,-200.45000000000002,-26.54
393840.957447663,6450840.910138148,93.16698968224952,14.420000000000002,-210.45000000000002,-146.92000000000002,-26.54
393850.0073941403,6450809.416223358,93.16698968224952,14.420000000000002,-199.86,-177.93,-26.54
393854.87892074016,6450818.667532917,93.16698968224952,14.420000000000002,-195.45000000000002,-168.45000000000002,-26.54
393991.60124814406,6450943.065083093,93.15698968224953,14.41,-65.02,-37.47,-26.55
393731.1049155581,6450773.918944768,93.14698968224953,14.399999999999999,-316.87,-219.24,-26.560000000000002
393950.3417248513,6450878.708968869,93.14698968224953,14.399999999999999,-103.06,-103.78,-26.560000000000002
394007.10554053006,6450895.05325624,93.14698968224953,14.399999999999999,-47.17,-84.66,-26.560000000000002
393823.73911684676,6450823.296745971,93.13698968224952,14.39,-226.78,-165.36,-26.57
393928.9286063116,6450881.406811419,93.13698968224952,14.39,-124.58,-102.14,-26.57
393777.96705379686,6450825.804004272,93.12698968224953,14.379999999999999,-272.62,-165.11,-26.580000000000002
393872.15425313695,6450827.48744735,93.11698968224952,14.370000000000001,-178.63,-158.79,-26.59
393937.8571525111,6450894.152558269,93.11698968224952,14.370000000000001,-116.29,-88.97,-26.59
393866.3285526326,6450825.2816790845,93.09698968224953,14.350000000000001,-184.34,-161.28,-26.61
393888.7082786134,6450830.816221981,93.07698968224953,14.330000000000002,-162.26,-154.65,-26.63
393824.22428935044,6450838.82169066,93.06698968224953,14.32,-227.06,-149.83,-26.64
393983.0683854728,6450938.750079658,93.06698968224953,14.32,-73.33,-42.2,-26.64
393614.98868452356,6450731.576140297,93.03698968224953,14.29,-430.76,-267.25,-26.67
393827.85221863334,6450812.09058277,93.03698968224953,14.29,-222.12,-176.35,-26.67
394033.4069399339,6450946.820763321,93.03698968224953,14.29,-23.45,-31.66,-26.67
393762.8794113435,6450805.512428553,93.02698968224954,14.280000000000001,-286.69,-186.12,-26.68
393772.9959373286,6450822.655004263,93.02698968224954,14.280000000000001,-277.43,-168.5,-26.68
393788.436440751,6450775.1769666625,93.02698968224954,14.280000000000001,-259.67,-215.16,-26.68
393850.5288934558,6450860.602652596,93.02698968224954,14.280000000000001,-201.86,-126.78,-26.68
394011.87786367966,6450935.186925792,93.02698968224954,14.280000000000001,-44.38,-44.34,-26.68
393907.19663225824,6450877.232017559,93.01698968224953,14.27,-146.08,-107.38,-26.69
393924.980438946,6450886.617576664,93.01698968224953,14.27,-128.78,-97.13,-26.69
393713.64073733013,6450749.289146173,93.00698968224953,14.260000000000002,-333.1,-244.70000000000002,-26.7
393937.4440505809,6450871.1549965115,93.00698968224953,14.260000000000002,-115.57000000000001,-111.96000000000001,-26.7
393809.84712331666,6450802.075157536,92.99698968224953,14.25,-239.61,-187.24,-26.71
393780.4859895628,6450822.065413277,92.98698968224953,14.240000000000002,-269.92,-168.72,-26.72
393784.6576917468,6450817.123966034,92.97698968224952,14.23,-265.51,-173.45000000000002,-26.73
393840.9729603274,6450832.899653807,92.96698968224953,14.219999999999999,-210.04,-154.92000000000002,-26.740000000000002
393978.5682542699,6450936.218633597,92.96698968224953,14.219999999999999,-77.7,-44.95,-26.740000000000002
393635.71931892156,6450728.641622027,92.94698968224952,14.2,-409.91,-269.16,-26.76
393639.970924029,6450723.696234884,92.94698968224952,14.2,-405.42,-273.89,-26.76
393778.5972283285,6450778.07505205,92.94698968224952,14.2,-269.64,-212.75,-26.76
394039.46968307166,6450955.052169377,92.92698968224953,14.18,-17.8,-23.14,-26.78
394059.796885307,6450931.752807811,92.91698968224952,14.170000000000002,3.65,-45.410000000000004,-26.79
394015.509407805,6450899.594887536,92.89698968224953,14.149999999999999,-39.0,-79.71000000000001,-26.810000000000002
393771.2513018455,6450795.598093,92.88698968224952,14.14,-277.84000000000003,-195.61,-26.82
393943.9515961816,6450917.240430763,92.88698968224952,14.14,-111.34,-65.61,-26.82
394033.38016427384,6450932.064175536,92.88698968224952,14.14,-22.75,-46.4,-26.82
393748.99768191855,6450783.889848034,92.86698968224952,14.120000000000001,-299.49,-208.4,-26.84
393764.64925857016,6450818.460978308,92.86698968224952,14.120000000000001,-285.56,-173.1,-26.84
393938.5264552626,6450914.223951688,92.86698968224952,14.120000000000001,-116.61,-68.89,-26.84
393746.87205232965,6450808.1940246085,92.85698968224952,14.11,-302.81,-184.23,-26.85
393814.62490157556,6450790.135369642,92.85698968224952,14.11,-234.25,-198.93,-26.85
393915.9817614413,6450873.464789771,92.84698968224953,14.100000000000001,-137.12,-110.71000000000001,-26.86
393784.4924113963,6450779.456397987,92.82698968224953,14.080000000000002,-263.82,-211.08,-26.88
393643.40317402105,6450696.854629868,92.80698968224952,14.059999999999999,-400.67,-300.53000000000003,-26.900000000000002
393745.10000636027,6450788.297151661,92.79698968224953,14.05,-303.6,-204.19,-26.91
394071.76199375134,6450930.9525703965,92.76698968224953,14.02,15.64,-45.62,-26.94
393937.23335111287,6450879.0649715895,92.73698968224953,13.990000000000002,-116.17,-104.07000000000001,-26.97
393692.6595733572,6450775.163839571,92.71698968224953,13.969999999999999,-355.33,-219.89000000000001,-26.990000000000002
393721.9145335604,6450746.928808073,92.69698968224952,13.95,-324.72,-246.65,-27.01
393969.72793583147,6450930.947611882,92.69698968224952,13.95,-86.27,-50.65,-27.01
394006.9398080703,6450910.169761549,92.69698968224952,13.95,-48.08,-69.57000000000001,-27.01
393719.1067672393,6450759.632502352,92.68698968224953,13.940000000000001,-328.15000000000003,-234.1,-27.02
393827.15262301074,6450804.806197691,92.65698968224953,13.91,-222.46,-183.66,-27.05
393789.07899989316,6450805.06158508,92.61698968224952,13.870000000000001,-260.5,-185.28,-27.09
393805.27108908084,6450798.816567245,92.60698968224952,13.86,-244.02,-190.72,-27.1
394000.14631840744,6450917.373073161,92.60698968224952,13.86,-55.22,-62.71,-27.1
393841.0619275039,6450848.71446284,92.57698968224953,13.830000000000002,-210.73000000000002,-139.12,-27.13
393741.88363881415,6450805.506436358,92.56698968224953,13.82,-307.66,-187.16,-27.14
393924.6939313378,6450879.18266487,92.55698968224952,13.809999999999999,-128.7,-104.57000000000001,-27.150000000000002
393824.37558901304,6450817.117902781,92.54698968224953,13.8,-225.84,-171.5,-27.16
394000.02656861144,6450947.635693008,92.54698968224953,13.8,-56.83,-32.49,-27.16
393751.4608131069,6450811.101562144,92.53698968224953,13.79,-298.37,-181.1,-27.17
393836.6262675372,6450816.423730104,92.52698968224954,13.780000000000001,-213.57,-171.59,-27.18
394004.4885801817,6450950.409310278,92.51698968224953,13.77,-52.51,-29.5,-27.19
394007.14674898743,6450916.397126598,92.51698968224953,13.77,-48.18,-63.34,-27.19
393797.6845944261,6450809.633318091,92.50698968224953,13.760000000000002,-252.13,-180.29,-27.2
393877.3389206663,6450880.856870455,92.50698968224953,13.760000000000002,-176.08,-105.23,-27.2
393832.3177975997,6450813.312140997,92.49698968224953,13.75,-217.72,-174.91,-27.21
393990.2277918107,6450922.317547873,92.49698968224953,13.75,-65.37,-58.26,-27.21
393781.64252133254,6450814.859711768,92.40698968224953,13.66,-268.41,-175.86,-27.3
393789.2906745283,6450823.974109867,92.39698968224953,13.649999999999999,-261.22,-166.38,-27.310000000000002
393793.3934396705,6450807.482041525,92.39698968224953,13.649999999999999,-256.31,-182.65,-27.310000000000002
393696.42197538895,6450747.504983286,92.38698968224952,13.64,-350.21,-247.33,-27.32
393683.17618652416,6450755.226691475,92.36698968224952,13.620000000000001,-363.82,-240.27,-27.34
394068.4587740557,6450943.760791962,92.36698968224952,13.620000000000001,11.71,-32.99,-27.34
393818.84433168697,6450843.422229274,92.35698968224952,13.61,-232.66,-145.5,-27.35
393845.7253105954,6450834.657739961,92.34698968224953,13.600000000000001,-205.38,-152.93,-27.36
393986.553538043,6450940.190187835,92.34698968224953,13.600000000000001,-69.92,-40.59,-27.36
393723.12355354865,6450768.60556915,92.33698968224952,13.59,-324.58,-224.94,-27.37
393711.8704979866,6450788.313682719,92.31698968224953,13.57,-336.79,-205.81,-27.39
393989.6226617015,6450893.1920072315,92.29698968224953,13.55,-64.54,-87.38,-27.41
393810.45150146383,6450816.362730006,92.27698968224954,13.530000000000001,-239.71,-172.94,-27.43
393728.0162877823,6450786.205965498,92.25698968224953,13.510000000000002,-320.56,-207.12,-27.45
394008.56933269347,6450923.115218262,92.24698968224953,13.5,-47.09,-56.56,-27.46
393700.98669496353,6450757.031736941,92.22698968224952,13.48,-346.12,-237.59,-27.48
393814.4319567422,6450811.40067642,92.16698968224952,13.420000000000002,-235.49,-177.70000000000002,-27.54
393811.987749249,6450845.081921196,92.14698968224953,13.399999999999999,-239.59,-144.18,-27.560000000000002
393734.14375741186,6450801.232429353,92.07698968224953,13.330000000000002,-315.18,-191.81,-27.63
393911.7370986019,6450871.241135707,92.07698968224953,13.330000000000002,-141.25,-113.14,-27.63
393811.5773873645,6450838.384003377,92.04698968224953,13.3,-239.67000000000002,-150.89000000000001,-27.66
393832.29888075165,6450835.670203123,92.04698968224953,13.3,-218.84,-152.58,-27.66
393766.9407280579,6450770.920438055,92.03698968224953,13.29,-280.93,-220.47,-27.67
393754.98079415376,6450813.451058567,92.02698968224954,13.280000000000001,-294.97,-178.58,-27.68
393871.3382671945,6450876.727384055,92.02698968224954,13.280000000000001,-181.87,-109.65,-27.68
393972.5310591084,6450912.667379393,92.02698968224954,13.280000000000001,-82.57000000000001,-68.77,-27.68
393890.19248732954,6450887.922422383,91.97698968224952,13.23,-163.59,-97.54,-27.73
393719.9939363016,6450793.259615387,91.96698968224953,13.219999999999999,-328.92,-200.47,-27.740000000000002
393818.8379028904,6450813.646414281,91.96698968224953,13.219999999999999,-231.20000000000002,-175.24,-27.740000000000002
393786.2840633336,6450831.020732399,91.87698968224953,13.129999999999999,-264.57,-159.49,-27.830000000000002
393910.4792888432,6450879.0325357495,91.82698968224953,13.080000000000002,-142.89000000000001,-105.42,-27.88
393955.61319856416,6450888.761553859,91.82698968224953,13.080000000000002,-98.29,-93.48,-27.88
393905.4518530669,6450855.451516062,91.75698968224953,13.010000000000002,-146.75,-129.22,-27.95
394065.9369015005,6450948.861180065,91.71698968224953,12.969999999999999,8.94,-28.02,-27.990000000000002
393810.06420835387,6450809.523504606,91.70698968224953,12.96,-239.76,-179.79,-28.0
393805.6698781991,6450813.604872328,91.66698968224952,12.920000000000002,-244.35,-175.93,-28.04
393766.95907839946,6450797.892263414,91.62698968224953,12.879999999999999,-282.24,-193.53,-28.080000000000002
393921.4724938412,6450884.918276473,91.55698968224952,12.809999999999999,-132.2,-99.0,-28.150000000000002
393998.5775246044,6450890.227394206,91.53698968224953,12.79,-55.45,-89.9,-28.17
393784.4754784132,6450825.002500053,91.52698968224954,12.780000000000001,-266.08,-165.59,-28.18
393841.1228732017,6450818.274523852,91.52698968224954,12.780000000000001,-209.17000000000002,-169.52,-28.18
393835.8225771219,6450809.46486657,91.50698968224953,12.760000000000002,-214.03,-178.58,-28.2
393828.9504471194,6450832.941798422,91.47698968224952,12.73,-222.05,-155.47,-28.23
393842.3174687199,6450861.588250794,91.36698968224952,12.620000000000001,-210.11,-126.2,-28.34
393998.9937753517,6450934.000010476,91.35698968224952,12.61,-57.19,-46.160000000000004,-28.35
393945.78886819864,6450883.839416833,91.32698968224953,12.580000000000002,-107.86,-98.88,-28.38
393754.4041083211,6450786.526788223,91.30698968224952,12.559999999999999,-294.22,-205.5,-28.400000000000002
393819.5857455005,6450837.138090069,91.24698968224953,12.5,-231.61,-151.74,-28.46
393817.9149287043,6450807.314185711,91.16698968224952,12.420000000000002,-231.81,-181.61,-28.54
393749.4057027213,6450805.56605663,91.15698968224953,12.41,-300.15000000000003,-186.73,-28.55
393902.9306975737,6450889.196627928,91.09698968224953,12.350000000000001,-150.93,-95.64,-28.61
393920.31628016947,6450889.490767037,91.06698968224953,12.32,-133.58,-94.49,-28.64
393903.0970913218,6450881.809469265,91.02698968224954,12.280000000000001,-150.4,-103.01,-28.68
393807.686744748,6450842.730887322,90.98698968224953,12.240000000000002,-243.77,-146.74,-28.72
393824.8318205339,6450852.1579534765,90.98698968224953,12.240000000000002,-227.11,-136.48,-28.72
393714.9577487816,6450756.302795781,90.97698968224952,12.23,-332.13,-237.63,-28.73
393862.9952354395,6450816.565263735,90.88698968224952,12.14,-187.24,-170.15,-28.82
393715.94213594956,6450790.886281461,90.84698968224953,12.100000000000001,-332.85,-203.04,-28.86
393833.6065781723,6450856.911576135,90.84698968224953,12.100000000000001,-218.58,-131.3,-28.86
393817.0934165935,6450847.913910067,90.82698968224953,12.080000000000002,-234.63,-141.1,-28.88
393847.39424959634,6450816.523541811,90.65698968224953,11.91,-202.82,-170.96,-29.05
393911.78120199015,6450893.455920306,90.64698968224953,11.899999999999999,-142.3,-90.95,-29.060000000000002
393904.6080409088,6450895.8020362705,90.62698968224953,11.879999999999999,-149.58,-88.96000000000001,-29.080000000000002
393907.42815009283,6450891.267647204,90.59698968224953,11.850000000000001,-146.54,-93.35000000000001,-29.11
393841.0697501572,6450811.308687368,90.55698968224952,11.809999999999999,-208.88,-176.48,-29.150000000000002
393749.86770186125,6450790.975598901,90.49698968224953,11.75,-298.97,-201.28,-29.21
393802.42089072685,6450810.050567841,90.49698968224953,11.75,-247.42000000000002,-179.64000000000001,-29.21
393706.8088782569,6450786.781101332,90.39698968224953,11.649999999999999,-341.77,-207.59,-29.310000000000002
393895.26277371764,6450890.646022195,90.28698968224953,11.54,-158.66,-94.57000000000001,-29.42
393836.7311017455,6450824.438292463,90.24698968224953,11.5,-213.86,-163.58,-29.46
393648.53866262286,6450721.611755238,90.20698968224953,11.46,-396.76,-275.55,-29.5
393913.15912560903,6450900.486590725,90.20698968224953,11.46,-141.27,-83.86,-29.5
393918.0202611605,6450900.186822231,90.07698968224953,11.330000000000002,-136.4,-83.92,-29.63
393921.59633135214,6450899.409762396,90.00698968224953,11.260000000000002,-132.79,-84.52,-29.7
393815.50425642275,6450817.715529815,89.94698968224952,11.2,-234.73000000000002,-171.34,-29.76
393667.7789467037,6450764.596355604,89.91698968224952,11.170000000000002,-379.66,-231.67000000000002,-29.79
393926.4001109557,6450907.693233983,89.91698968224952,11.170000000000002,-128.4,-76.01,-29.79
393628.75204820157,6450743.082274323,89.87698968224953,11.129999999999999,-417.58,-255.08,-29.830000000000002
393693.21550081566,6450779.331518139,89.72698968224952,10.98,-354.98,-215.70000000000002,-29.98
393916.29793964047,6450896.527203592,89.71698968224953,10.969999999999999,-137.94,-87.66,-29.990000000000002
393930.84535286593,6450897.131495283,89.63698968224952,10.89,-123.44,-86.34,-30.07
393623.32192241715,6450740.776903644,89.54698968224953,10.8,-422.89,-257.65,-30.16
393663.34662249003,6450762.221760469,89.51698968224953,10.77,-383.97,-234.26,-30.19
393680.4973318834,6450772.169180601,89.30698968224952,10.559999999999999,-367.33,-223.48000000000002,-30.400000000000002
393636.56797075673,6450747.883175763,89.11698968224952,10.370000000000001,-410.01,-249.9,-30.59
394004.81072411255,6450922.829978826,88.91698968224952,10.170000000000002,-50.83,-57.03,-30.79
394006.4266265235,6450926.564929883,88.72698968224952,9.98,-49.4,-53.22,-30.98
393677.286914673,6450770.6154041225,88.64698968224953,9.899999999999999,-370.46,-225.19,-31.060000000000002
393613.79898171703,6450735.469456006,88.53698968224953,9.79,-432.14,-263.42,-31.17
393657.9824718654,6450759.833039451,88.46698968224953,9.719999999999999,-389.21000000000004,-236.91,-31.240000000000002
393907.5842797354,6450884.281480618,88.21698968224953,9.469999999999999,-146.04,-100.32000000000001,-31.490000000000002
393653.66296909534,6450757.512954148,88.16698968224952,9.420000000000002,-393.41,-239.44,-31.54
393927.5680899178,6450899.095279274,88.14698968224953,9.399999999999999,-126.81,-84.54,-31.560000000000002
393906.8699486137,6450841.164339818,87.47698968224952,8.729999999999997,-144.63,-143.42000000000002,-32.230000000000004
393631.63977880863,6450746.213857302,87.20698968224953,8.46,-414.85,-251.81,-32.5
393737.490082975,6450804.121132387,86.34698968224953,7.600000000000001,-311.98,-188.76,-33.36
393649.609493169,6450756.120893477,85.92698968224953,7.18,-397.39,-241.03,-33.78
393915.64540654887,6450889.791166139,85.60698968224952,6.859999999999999,-138.26,-94.42,-34.1
394064.9791783349,6450958.880504711,85.30698968224954,6.560000000000002,7.49,-18.06,-34.4
393768.8687069269,6450801.492585469,83.67698968224953,4.93,-280.51,-189.84,-36.03
393841.12611554225,6450807.781631523,83.28698968224953,4.539999999999999,-208.65,-180.0,-36.42
393693.47236155585,6450767.484492244,83.08698968224954,4.340000000000003,-354.14,-227.52,-36.62
393840.7750865126,6450804.114469318,83.08698968224954,4.340000000000003,-208.82,-183.68,-36.62
394069.23683140945,6450953.854722153,83.00698968224953,4.259999999999998,11.99,-22.87,-36.7
394079.9707467615,6450941.080589651,82.57698968224952,3.8299999999999983,23.34,-35.1,-37.13
394062.2742149107,6450963.7195927305,82.53698968224953,3.789999999999999,4.55,-13.36,-37.17
393634.5268104883,6450722.12244082,82.44698968224952,3.700000000000003,-410.78000000000003,-275.73,-37.26
394071.690008263,6450950.609968955,82.39698968224953,3.6499999999999986,14.6,-25.990000000000002,-37.31
393912.40987248736,6450887.728008523,82.31698968224953,3.5700000000000003,-141.39000000000001,-96.64,-37.39
393989.81472478044,6450885.513230521,82.31698968224953,3.5700000000000003,-63.97,-95.04,-37.39
393994.36554727243,6450902.880182315,82.29698968224952,3.549999999999997,-60.28,-77.47,-37.410000000000004
394058.3351522866,6450965.866191355,82.26698968224953,3.520000000000003,0.51,-11.41,-37.44
394076.96408116265,6450943.86203927,82.21698968224953,3.469999999999999,20.2,-32.47,-37.49
393837.5607377316,6450830.70503836,82.20698968224953,3.460000000000001,-213.34,-157.28,-37.5
393976.4196536485,6450907.66980673,82.18698968224953,3.4399999999999977,-78.44,-73.57000000000001,-37.52
393993.5868955808,6450895.819962662,82.18698968224953,3.4399999999999977,-60.71,-84.56,-37.52
394082.24943941156,6450939.576541843,82.18698968224953,3.4399999999999977,25.69,-36.49,-37.52
393843.7165526367,6450812.599902546,82.16698968224952,3.4200000000000017,-206.3,-175.06,-37.54
393884.05882191594,6450828.302151094,82.06698968224953,3.3200000000000003,-166.78,-157.39000000000001,-37.64
393993.83431534714,6450888.248590036,82.06698968224953,3.3200000000000003,-60.09,-92.11,-37.64
393864.01757902774,6450838.111059469,81.95698968224953,3.210000000000001,-187.28,-148.58,-37.75
393959.12923971267,6450891.031147354,81.89698968224953,3.1499999999999986,-94.89,-91.04,-37.81
393977.46796938014,6450886.492480789,81.87698968224953,3.1300000000000026,-76.35000000000001,-94.67,-37.83
394010.58086148964,6450897.715331415,81.87698968224953,3.1300000000000026,-43.83,-81.83,-37.83
393713.4685983169,6450786.0021734,81.85698968224952,3.1099999999999994,-335.08,-208.04,-37.85
394055.0437634623,6450968.761801757,81.85698968224952,3.1099999999999994,-2.92,-8.68,-37.85
394049.9896998425,6450975.098397129,81.84698968224953,3.1000000000000014,-8.28,-2.6,-37.86
393908.53815504623,6450897.94107878,81.78698968224953,3.039999999999999,-145.76,-86.63,-37.92
393987.5935609877,6450936.104009637,81.76698968224953,3.020000000000003,-68.68,-44.62,-37.94
393899.1235783116,6450879.602481645,81.72698968224952,2.979999999999997,-154.26,-105.41,-37.980000000000004
393906.84836562845,6450869.559859433,81.72698968224952,2.979999999999997,-146.05,-115.06,-37.980000000000004
393985.4956070587,6450891.322991456,81.65698968224953,2.9099999999999966,-68.57000000000001,-89.45,-38.050000000000004
394074.30368156364,6450946.356086979,81.65698968224953,2.9099999999999966,17.42,-30.11,-38.050000000000004
393967.5963909174,6450888.5311172595,81.60698968224952,2.8599999999999994,-86.31,-93.12,-38.1
394011.53544553486,6450911.795404896,81.59698968224953,2.8500000000000014,-43.57,-67.72,-38.11
393832.8217627472,6450829.827361827,81.55698968224954,2.8100000000000023,-218.03,-158.39000000000001,-38.15
393959.6966687679,6450898.071745642,81.51698968224953,2.770000000000003,-94.67,-83.98,-38.19
393985.0580453469,6450897.271759373,81.33698968224954,2.5900000000000034,-69.3,-83.53,-38.37
394003.1635899328,6450907.902984856,81.25698968224953,2.509999999999998,-51.74,-72.02,-38.45
393958.3648394708,6450876.340967224,81.21698968224953,2.469999999999999,-94.93,-105.75,-38.49
393966.63701590034,6450895.877279491,81.12698968224953,2.3800000000000026,-87.63,-85.83,-38.58
393985.2346696697,6450919.940568425,80.96698968224953,2.219999999999999,-70.24,-60.88,-38.74
393985.53560174786,6450905.7385143535,80.91698968224952,2.1700000000000017,-69.24,-75.05,-38.79
393898.475022757,6450892.439999927,80.85698968224952,2.1099999999999994,-155.54,-92.62,-38.85
393967.36327004735,6450881.163658086,80.73698968224953,1.990000000000002,-86.18,-100.49000000000001,-38.97
393772.56552717433,6450810.271174197,80.71698968224953,1.9699999999999989,-277.25,-180.89000000000001,-38.99
393993.5556358699,6450910.008719578,80.61698968224952,1.8699999999999974,-61.44,-70.39,-39.09
393950.4653949307,6450902.131300217,80.49698968224953,1.75,-104.09,-80.38,-39.21
394002.1976912266,6450900.09107474,80.49698968224953,1.75,-52.32,-79.87,-39.21
393864.82143265556,6450857.865441749,80.45698968224953,1.7100000000000009,-187.45000000000002,-128.81,-39.25
394003.30112641375,6450915.565509486,80.44698968224952,1.7000000000000028,-51.980000000000004,-64.36,-39.26
393863.29748165637,6450861.274631295,80.43698968224953,1.6899999999999977,-189.14000000000001,-125.48,-39.27
393951.6518079504,6450916.039748157,80.39698968224953,1.6499999999999986,-103.59,-66.43,-39.31
393968.37614893826,6450910.6395427445,80.39698968224953,1.6499999999999986,-86.62,-71.0,-39.31
393977.2448879302,6450921.766270416,80.31698968224953,1.5700000000000003,-78.31,-59.45,-39.39
393900.75930715667,6450893.689017454,80.30698968224954,1.5600000000000023,-153.32,-91.26,-39.4
393735.9913353921,6450765.197711987,80.22698968224952,1.4799999999999969,-311.56,-227.71,-39.480000000000004
393617.65328634484,6450705.613407444,80.14698968224953,1.3999999999999986,-426.82,-293.05,-39.56
393685.0347833107,6450766.929358607,80.14698968224953,1.3999999999999986,-362.54,-228.49,-39.56
393977.1392250021,6450914.953206835,80.13698968224952,1.3900000000000006,-78.08,-66.26,-39.57
393977.54821823305,6450930.151506889,80.11698968224952,1.3699999999999974,-78.42,-51.06,-39.59
393615.45880343014,6450713.9015402105,80.09698968224953,1.3500000000000014,-429.42,-284.88,-39.61
393620.9297917425,6450693.887815247,80.09698968224953,1.3500000000000014,-422.97,-304.6,-39.61
393951.06596571126,6450921.214879932,80.05698968224954,1.3100000000000023,-104.43,-61.29,-39.65
393951.7294102809,6450912.131183476,79.99698968224953,1.25,-103.32000000000001,-70.33,-39.71
393996.02031295083,6450892.986681896,79.93698968224953,1.1899999999999977,-58.14,-87.27,-39.77
393959.8635619611,6450902.268619081,79.90698968224953,1.1599999999999966,-94.71000000000001,-79.78,-39.800000000000004
